Municipality,County,POP2010,POP2017,MunicipalType
Aberdeen,Monmouth,"18,157","18,232",Township
Absecon,Atlantic,"8,411","8,283",City
Alexandria Township,Hunterdon,"4,938",4805,Township
Allamuchy,Warren,"4,323",4644,Township
Allendale,Bergen,"6,505",6906,Borough
Allenhurst,Monmouth,496,489,Borough
Allentown,Monmouth,"1,828",1811,Borough
Alloway Township,Salem,"3,467",3327,Township
Alpha,Warren,"2,369",2297,Borough
Alpine,Bergen,"1,849",1890,Borough
Andover,Sussex,606,567,Borough
Andover Township,Sussex,"6,319",5978,Township
Asbury Park,Monmouth,"16,008","16,349",City
Atlantic City,Atlantic,"39,558","38,429",City
Atlantic Highlands,Monmouth,"4,385",4311,Borough
Audubon,Camden,"8,819","8,733",Borough
Audubon Park,Camden,"1,023",1012,Borough
Avalon,Cape May,"1,334",1267,Borough
Avon-by-the-Sea,Monmouth,"1,901",1794,Borough
Barnegat,Ocean,"20,726","20,540",Township
Barnegat Light,Ocean,574,587,Borough
Barrington,Camden,"6,983",6781,Borough
Bass River Township,Burlington,"1,443",1436,Township
Bay Head,Ocean,968,981,Borough
Bayonne,Hudson,"63,024","67,186",City
Beach Haven,Ocean,"1,170",1182,Borough
Beachwood,Ocean,"11,045","11,248",Borough
Bedminster,Somerset,"8,165","8,210",Township
Belleville,Essex,"35,926","36,498",Township
Bellmawr,Camden,"11,583","11,489",Borough
Belmar,Monmouth,"5,794",5682,Borough
Belvidere,Warren,"2,681",2603,Town
Bergenfield,Bergen,"26,652","27,061",Borough
Berkeley Heights,Union,"12,754","13,224",Township
Berkeley Township,Ocean,"41,255","41,747",Township
Berlin,Camden,"7,588",7606,Borough
Berlin Township,Camden,"5,357",5580,Township
Bernards Township,Somerset,"26,535","27,346",Township
Bernardsville,Somerset,"7,707","7,815",Borough
Bethlehem Township,Hunterdon,"3,979",3888,Township
Beverly,Burlington,"2,577",2504,City
Blairstown,Warren,"5,967",5808,Township
Bloomfield,Essex,"47,315","50,970",Township
Bloomingdale,Passaic,"7,656","8,242",Borough
Bloomsbury,Hunterdon,870,867,Borough
Bogota,Bergen,"8,187","8,567",Borough
Boonton,Morris,"8,347","8,354",Town
Boonton Township,Morris,"4,263",4350,Township
Bordentown,Burlington,"3,924",3835,City
Bordentown Township,Burlington,"11,367","12,202",Township
Bound Brook,Somerset,"10,402","10,468",Borough
Bradley Beach,Monmouth,"4,298",4225,Borough
Branchburg,Somerset,"14,432","14,502",Township
Branchville,Sussex,841,783,Borough
Brick,Ocean,"75,072","75,516",Township
Bridgeton,Cumberland,"24,958","25,692",City
Bridgewater,Somerset,"44,464","45,414",Township
Brielle,Monmouth,"4,774",4724,Borough
Brigantine,Atlantic,"9,450","8,963",City
Brooklawn,Camden,"1,955",1934,Borough
Buena,Atlantic,"4,603",4429,Borough
Buena Vista,Atlantic,"7,570",7422,Township
Burlington,Burlington,"9,920","9,832",City
Burlington Township,Burlington,"22,306","22,489",Township
Butler,Morris,"7,539",7774,Borough
Byram Township,Sussex,"8,350","7,983",Township
Caldwell,Essex,"7,822","8,085",Borough
Califon,Hunterdon,"1,076",1068,Borough
Camden,Camden,"77,344","74,532",City
Cape May,Cape May,"3,607",3480,City
Cape May Point,Cape May,291,279,Borough
Carlstadt,Bergen,"6,127",6314,Borough
Carneys Point,Salem,"8,049","7,702",Township
Carteret,Middlesex,"22,625","24,439",Borough
Cedar Grove,Essex,"12,373","11,893",Township
Chatham,Morris,"8,962","8,928",Borough
Chatham Township,Morris,"10,452","10,435",Township
Cherry Hill,Camden,"71,045","71,479",Township
Chesilhurst,Camden,"1,634",1639,Borough
Chester,Morris,"1,649",1665,Borough
Chester Township,Morris,"7,838","7,915",Township
Chesterfield,Burlington,"7,699","7,587",Township
Cinnaminson,Burlington,"15,540","15,410",Township
City of Orange,Essex,"30,134","30,813",Township
Clark,Union,"14,707","14,706",Township
Clayton,Gloucester,"8,179","8,676",Borough
Clementon,Camden,"5,000",4959,Borough
Cliffside Park,Bergen,"23,510","24,630",Borough
Clifton,Passaic,"84,136","86,607",City
Clinton,Hunterdon,"2,719",2701,Town
Clinton Township,Hunterdon,"13,409","12,499",Township
Closter,Bergen,"8,373","8,766",Borough
Collingswood,Camden,"13,835","14,537",Borough
Colts Neck,Monmouth,"10,142","9,968",Township
Commercial Township,Cumberland,"5,178",5018,Township
Corbin City,Atlantic,492,500,City
Cranbury,Middlesex,"3,857",3944,Township
Cranford,Union,"22,594","22,824",Township
Cresskill,Bergen,"8,573","8,935",Borough
Deal,Monmouth,750,733,Borough
Deerfield Township,Cumberland,"3,119",3057,Township
Delanco,Burlington,"4,283",4479,Township
Delaware Township,Hunterdon,"4,563",4474,Township
Delran,Burlington,"16,820","16,499",Township
Demarest,Bergen,"4,881",5032,Borough
Dennis Township,Cape May,"6,467",6253,Township
Denville,Morris,"16,341","16,868",Township
Deptford,Gloucester,"30,561","30,582",Township
Dover,Morris,"18,061","18,782",Town
Downe Township,Cumberland,"1,585",1524,Township
Dumont,Bergen,"17,304","18,265",Borough
Dunellen,Middlesex,"7,227",7407,Borough
Eagleswood,Ocean,"1,603",1611,Township
East Amwell,Hunterdon,"4,013",3925,Township
East Brunswick,Middlesex,"47,512","48,840",Township
East Greenwich Township,Gloucester,"9,555","9,860",Township
East Hanover,Morris,"11,157","11,234",Township
East Newark,Hudson,"2,406",2735,Borough
East Orange,Essex,"64,270","65,378",City
East Rutherford,Bergen,"8,913","9,928",Borough
East Windsor,Mercer,"27,165","28,491",Township
Eastampton,Burlington,"6,069",5953,Township
Eatontown,Monmouth,"12,559","12,290",Borough
Edgewater,Bergen,"11,513","12,368",Borough
Edgewater Park,Burlington,"8,881","8,738",Township
Edison,Middlesex,"99,967","102,450",Township
Egg Harbor City,Atlantic,"4,243",4174,City
Egg Harbor Township,Atlantic,"43,323","43,296",Township
Elizabeth,Union,"124,969","130,215",City
Elk Township,Gloucester,"4,216",4175,Township
Elmer,Salem,"1,395",1312,Borough
Elmwood Park,Bergen,"19,131","18,821",Borough
Elsinboro Township,Salem,"1,036",976,Township
Emerson,Bergen,"7,401",7739,Borough
Englewood,Bergen,"26,764","27,927",City
Englewood Cliffs,Bergen,"5,281",5453,Borough
Englishtown,Monmouth,"1,847",1943,Borough
Essex Fells,Essex,"2,113",2137,Borough
Estell Manor,Atlantic,"1,735",1720,City
Evesham Township,Burlington,"45,538","45,381",Township
Ewing,Mercer,"35,790","36,549",Township
Fair Haven,Monmouth,"6,121",5950,Borough
Fair Lawn,Bergen,"32,457","33,710",Borough
Fairfield,Essex,"7,466",7614,Township
Fairfield Township,Cumberland,"6,295",6087,Township
Fairview,Bergen,"13,712","14,661",Borough
Fanwood,Union,"7,318",7808,Borough
Far Hills,Somerset,919,927,Borough
Farmingdale,Monmouth,"1,329",1298,Borough
Fieldsboro,Burlington,540,531,Borough
Flemington,Hunterdon,"4,581",4621,Borough
Florence,Burlington,"12,109","12,669",Township
Florham Park,Morris,"11,696","11,765",Borough
Folsom,Atlantic,"1,885",1815,Borough
Fort Lee,Bergen,"35,345","37,907",Borough
Frankford Township,Sussex,"5,565",5348,Township
Franklin,Sussex,"5,045",4775,Borough
Franklin Lakes,Bergen,"10,590","11,255",Borough
Franklin Township,Somerset,"62,300","66,734",Township
Franklin Township,Gloucester,"16,773","16,640",Township
Franklin Township,Hunterdon,"3,195",3232,Township
Franklin Township,Warren,"3,176",3090,Township
Fredon Township,Sussex,"3,437",3196,Township
Freehold,Monmouth,"12,052","11,894",Borough
Freehold Township,Monmouth,"36,184","35,053",Township
Frelinghuysen Township,Warren,"2,230",2200,Township
Frenchtown,Hunterdon,"1,373",1366,Borough
Galloway Township,Atlantic,"37,349","36,563",Township
Garfield,Bergen,"30,487","32,393",City
Garwood,Union,"4,226",4408,Borough
Gibbsboro,Camden,"2,274",2247,Borough
Glassboro,Gloucester,"18,533","18,726",Borough
Glen Gardner,Hunterdon,"1,704",1924,Borough
Glen Ridge,Essex,"7,527",7704,Borough
Glen Rock,Bergen,"11,601","12,045",Borough
Gloucester City,Camden,"11,456","11,342",City
Gloucester Township,Camden,"64,634","64,159",Township
Green Brook,Somerset,"7,203",7212,Township
Green Township,Sussex,"3,601",3486,Township
Greenwich Township,Warren,"5,712",5532,Township
Greenwich Township,Gloucester,"4,899",4846,Township
Greenwich Township,Cumberland,804,771,Township
Guttenberg,Hudson,"11,176","11,695",Town
Hackensack,Bergen,"43,010","45,248",City
Hackettstown,Warren,"9,724","9,554",Town
Haddon Heights,Camden,"7,473",7588,Borough
Haddon Township,Camden,"14,488","14,900",Township
Haddonfield,Camden,"11,593","11,435",Borough
Hainesport,Burlington,"6,110",6058,Township
Haledon,Passaic,"8,318","8,463",Borough
Hamburg,Sussex,"3,277",3132,Borough
Hamilton,Mercer,"88,464","89,078",Township
Hamilton Township,Atlantic,"26,342","27,032",Township
Hammonton,Atlantic,"14,756","16,109",Town
Hampton,Hunterdon,"1,401",1331,Borough
Hampton Township,Sussex,"5,196",4896,Township
Hanover,Morris,"13,659","14,169",Township
Harding Township,Morris,"3,838",3873,Township
Hardwick Township,Warren,"1,696",1643,Township
Hardyston Township,Sussex,"8,213","7,867",Township
Harmony Township,Warren,"2,667",2520,Township
Harrington Park,Bergen,"4,664",4846,Borough
Harrison,Hudson,"13,574","14,349",Town
Harrison Township,Gloucester,"12,411","12,703",Township
Harvey Cedars,Ocean,337,342,Borough
Hasbrouck Heights,Bergen,"11,842","12,277",Borough
Haworth,Bergen,"3,382",3497,Borough
Hawthorne,Passaic,"18,579","20,011",Borough
Hazlet,Monmouth,"20,249","20,732",Township
Helmetta,Middlesex,"2,178",2223,Borough
Hi-Nella,Camden,870,846,Borough
High Bridge,Hunterdon,"3,648",3542,Borough
Highland Park,Middlesex,"13,926","14,027",Borough
Highlands,Monmouth,"5,005",4821,Borough
Hightstown,Mercer,"5,494",5384,Borough
Hillsborough,Somerset,"38,303","40,003",Township
Hillsdale,Bergen,"10,219","10,581",Borough
Hillside,Union,"21,314","21,368",Township
Ho-Ho-Kus,Bergen,"4,078",4183,Borough
Hoboken,Hudson,"50,005","55,131",City
Holland Township,Hunterdon,"5,291",5151,Township
Holmdel,Monmouth,"16,696","17,322",Township
Hopatcong,Sussex,"14,950","14,459",Borough
Hope Township,Warren,"1,952",1890,Township
Hopewell,Mercer,"1,922",1948,Borough
Hopewell Township,Mercer,"16,896","16,623",Township
Hopewell Township,Cumberland,"4,571",4422,Township
Howell,Monmouth,"51,075","52,476",Township
Independence Township,Warren,"5,662",5514,Township
Interlaken,Monmouth,820,801,Borough
Irvington,Essex,"53,926","54,865",Township
Island Heights,Ocean,"1,673",1667,Borough
Jackson,Ocean,"54,856","57,073",Township
Jamesburg,Middlesex,"5,915",6068,Borough
Jefferson Township,Morris,"21,085","21,976",Township
Jersey City,Hudson,"247,597","270,753",City
Keansburg,Monmouth,"10,105","9,806",Borough
Kearny,Hudson,"40,684","42,670",Town
Kenilworth,Union,"7,914","8,312",Borough
Keyport,Monmouth,"7,240",7085,Borough
Kingwood Township,Hunterdon,"3,845",3752,Township
Kinnelon,Morris,"10,248","10,213",Borough
Knowlton Township,Warren,"3,055",2996,Township
Lacey Township,Ocean,"27,346","30,131",Township
Lafayette Township,Sussex,"2,538",2404,Township
Lake Como,Monmouth,"1,759",1717,Borough
Lakehurst,Ocean,"2,654",2697,Borough
Lakewood,Ocean,"92,843","102,682",Township
Lambertville,Hunterdon,"3,906",3824,City
Laurel Springs,Camden,"1,908",1886,Borough
Lavallette,Ocean,"1,875",1849,Borough
Lawnside,Camden,"2,945",2920,Borough
Lawrence,Mercer,"33,472","33,161",Township
Lawrence Township,Cumberland,"3,290",3186,Township
Lebanon,Hunterdon,"1,358",1669,Borough
Lebanon Township,Hunterdon,"6,588",6101,Township
Leonia,Bergen,"8,937","9,262",Borough
Liberty Township,Warren,"2,942",2843,Township
Lincoln Park,Morris,"10,521","10,468",Borough
Linden,Union,"40,499","43,056",City
Lindenwold,Camden,"17,479","17,998",Borough
Linwood,Atlantic,"7,092",6855,City
Little Egg Harbor,Ocean,"19,722","18,807",Township
Little Falls,Passaic,"13,982","14,164",Township
Little Ferry,Bergen,"10,626","11,000",Borough
Little Silver,Monmouth,"5,950",5908,Borough
Livingston,Essex,"29,366","30,142",Township
Loch Arbour,Monmouth,194,183,Village
Lodi,Bergen,"23,943","22,239",Borough
Logan Township,Gloucester,"6,042",5944,Township
Long Beach,Ocean,"3,051",3065,Township
Long Branch,Monmouth,"30,719","30,762",City
Long Hill,Morris,"8,702","8,711",Township
Longport,Atlantic,895,876,Borough
Lopatcong Township,Warren,"8,014","8,348",Township
Lower Alloways Creek Township,Salem,"1,770",1688,Township
Lower Township,Cape May,"22,844","24,084",Township
Lumberton,Burlington,"12,554","15,342",Township
Lyndhurst,Bergen,"20,334","20,015",Township
Madison,Morris,"15,817","17,726",Borough
Magnolia,Camden,"4,341",4303,Borough
Mahwah,Bergen,"25,850","26,856",Township
Manalapan,Monmouth,"38,872","40,013",Township
Manasquan,Monmouth,"5,897",5903,Borough
Manchester,Ocean,"43,070","43,395",Township
Mannington Township,Salem,"1,806",1731,Township
Mansfield Township,Burlington,"8,544","8,577",Township
Mansfield Township,Warren,"7,725","7,464",Township
Mantoloking,Ocean,296,257,Borough
Mantua,Gloucester,"15,147","14,298",Township
Manville,Somerset,"10,344","10,414",Borough
Maple Shade,Burlington,"18,911","18,427",Township
Maplewood,Essex,"23,594","25,142",Township
Margate City,Atlantic,"6,354",6083,City
Marlboro,Monmouth,"40,191","40,306",Township
Matawan,Monmouth,"8,810","8,869",Borough
Maurice River,Cumberland,"7,976","6,325",Township
Maywood,Bergen,"9,555","10,520",Borough
Medford,Burlington,"22,999","23,504",Township
Medford Lakes,Burlington,"4,146",4013,Borough
Mendham,Morris,"4,981",4978,Borough
Mendham Township,Morris,"5,869",5845,Township
Merchantville,Camden,"3,821",3770,Borough
Metuchen,Middlesex,"13,478","12,907",Borough
Middle Township,Cape May,"18,791","19,101",Township
Middlesex,Middlesex,"13,620","17,643",Borough
Middletown,Monmouth,"66,522","65,603",Township
Midland Park,Bergen,"7,128",7384,Borough
Milford,Hunterdon,"1,233",1189,Borough
Millburn,Essex,"20,065","21,177",Township
Millstone,Somerset,418,420,Borough
Millstone Township,Monmouth,"10,566","10,517",Township
Milltown,Middlesex,"6,893",7162,Borough
Millville,Cumberland,"28,370","28,928",City
Mine Hill Township,Morris,"3,651",3593,Township
Monmouth Beach,Monmouth,"3,279",3236,Borough
Monroe Township,Middlesex,"39,132","45,332",Township
Monroe Township,Gloucester,"36,129","36,920",Township
Montague Township,Sussex,"3,847",3695,Township
Montclair,Essex,"37,669","39,227",Township
Montgomery,Somerset,"22,185","22,106",Township
Montvale,Bergen,"7,844","8,724",Borough
Montville,Morris,"21,457","22,323",Township
Moonachie,Bergen,"2,708",2800,Borough
Moorestown,Burlington,"20,554","22,426",Township
Morris Plains,Morris,"5,532",5581,Borough
Morris Township,Morris,"22,254","23,584",Township
Morristown,Morris,"18,392","18,651",Town
Mount Arlington,Morris,"5,050",5868,Borough
Mount Ephraim,Camden,"4,676",4635,Borough
Mount Holly,Burlington,"9,536","9,645",Township
Mount Laurel,Burlington,"41,864","41,662",Township
Mount Olive,Morris,"27,935","27,844",Township
Mountain Lakes,Morris,"4,160",4345,Borough
Mountainside,Union,"6,685",6982,Borough
Mullica Township,Atlantic,"6,147",6022,Township
National Park,Gloucester,"3,036",2985,Borough
Neptune,Monmouth,"27,912","27,301",Township
Neptune City,Monmouth,"4,869",4708,Borough
Netcong,Morris,"3,232",3229,Borough
New Brunswick,Middlesex,"55,181","57,073",City
New Hanover,Burlington,"7,385",7491,Township
New Milford,Bergen,"16,264","20,215",Borough
New Providence,Union,"12,171","13,308",Borough
Newark,Essex,"277,140","285,154",City
Newfield,Gloucester,"1,553",1561,Borough
Newton,Sussex,"7,997","7,860",Town
North Arlington,Bergen,"15,311","16,029",Borough
North Bergen,Hudson,"60,773","63,659",Township
North Brunswick,Middlesex,"40,742","42,641",Township
North Caldwell,Essex,"6,183",6730,Borough
North Haledon,Passaic,"8,417","8,570",Borough
North Hanover,Burlington,"7,678","7,540",Township
North Plainfield,Somerset,"21,677","21,248",Borough
North Wildwood,Cape May,"4,041",3843,City
Northfield,Atlantic,"8,624","8,360",City
Northvale,Bergen,"4,640",4985,Borough
Norwood,Bergen,"5,711",5895,Borough
Nutley,Essex,"28,117","29,253",Township
Oakland,Bergen,"12,729","13,154",Borough
Oaklyn,Camden,"4,038",3996,Borough
Ocean City,Cape May,"11,701","11,206",City
Ocean Gate,Ocean,"2,011",2021,Borough
Ocean Township,Monmouth,"27,190","27,725",Township
Ocean Township,Ocean,"8,332","9,049",Township
Oceanport,Monmouth,"5,832",5755,Borough
Ogdensburg,Sussex,"2,410",2282,Borough
Old Bridge,Middlesex,"65,375","67,032",Township
Old Tappan,Bergen,"5,750",6042,Borough
Oldmans Township,Salem,"1,773",1792,Township
Oradell,Bergen,"7,978","8,314",Borough
Oxford Township,Warren,"2,514",2454,Township
Palisades Park,Bergen,"19,403","20,429",Borough
Palmyra,Burlington,"7,398",7221,Borough
Paramus,Bergen,"26,164","25,981",Borough
Park Ridge,Bergen,"8,645","8,944",Borough
Parsippany,Morris,"53,238","53,201",Township
Passaic,Passaic,"69,781","71,247",City
Paterson,Passaic,"146,199","148,678",City
Paulsboro,Gloucester,"6,097",5920,Borough
Peapack and Gladstone,Somerset,"2,582",2610,Borough
Pemberton,Burlington,"1,409",1340,Borough
Pemberton Township,Burlington,"27,644","28,819",Township
Pennington,Mercer,"2,585",2589,Borough
Penns Grove,Salem,"5,147",4831,Borough
Pennsauken,Camden,"35,885","35,934",Township
Pennsville,Salem,"13,332","13,608",Township
Pequannock,Morris,"15,392","16,009",Township
Perth Amboy,Middlesex,"50,814","52,823",City
Phillipsburg,Warren,"14,791","14,369",Town
Pilesgrove Township,Salem,"4,016",3993,Township
Pine Beach,Ocean,"2,127",2168,Borough
Pine Hill,Camden,"10,233","10,536",Borough
Pine Valley,Camden,12,11,Borough
Piscataway,Middlesex,"56,044","57,887",Township
Pitman,Gloucester,"9,011","8,846",Borough
Pittsgrove Township,Salem,"9,393","8,864",Township
Plainfield,Union,"49,808","51,327",City
Plainsboro,Middlesex,"22,866","21,766",Township
Pleasantville,Atlantic,"20,149","20,488",City
Plumsted Township,Ocean,"8,421","8,543",Township
Pohatcong Township,Warren,"3,339",3231,Township
Point Pleasant,Ocean,"18,210","18,355",Borough
Point Pleasant Beach,Ocean,"4,665",4544,Borough
Pompton Lakes,Passaic,"11,097","11,206",Borough
Port Republic,Atlantic,"1,115",1080,City
Princeton,Mercer,"28,400","27,918",Borough
Prospect Park,Passaic,"5,865",5964,Borough
Quinton Township,Salem,"2,666",2489,Township
Rahway,Union,"27,291","26,988",City
Ramsey,Bergen,"14,459","14,712",Borough
Randolph,Morris,"25,349","24,505",Township
Raritan,Somerset,"6,881",8011,Borough
Raritan Township,Hunterdon,"21,936","22,060",Township
Readington,Hunterdon,"16,116","15,767",Township
Red Bank,Monmouth,"12,206","12,150",Borough
Ridgefield,Bergen,"11,032","11,435",Borough
Ridgefield Park,Bergen,"12,709","12,376",Village
Ridgewood,Bergen,"24,156","25,494",Village
Ringwood,Passaic,"12,228","12,454",Borough
River Edge,Bergen,"11,340","11,724",Borough
River Vale,Bergen,"9,659","10,223",Township
Riverdale,Morris,"3,559",4247,Borough
Riverside,Burlington,"8,079","7,899",Township
Riverton,Burlington,"2,779",2706,Borough
Robbinsville,Mercer,"13,635","13,867",Township
Rochelle Park,Bergen,"5,530",5705,Township
Rockaway,Morris,"6,438",6474,Borough
Rockaway Township,Morris,"24,136","24,961",Township
Rockleigh,Bergen,531,534,Borough
Rocky Hill,Somerset,682,688,Borough
Roosevelt,Monmouth,882,854,Borough
Roseland,Essex,"5,819",5937,Borough
Roselle,Union,"20,936","22,783",Borough
Roselle Park,Union,"13,183","13,759",Borough
Roxbury Township,Morris,"23,033","23,496",Township
Rumson,Monmouth,"7,122",6864,Borough
Runnemede,Camden,"8,468","8,390",Borough
Rutherford,Bergen,"17,892","17,789",Borough
Saddle Brook,Bergen,"13,642","14,757",Township
Saddle River,Bergen,"3,152",3262,Borough
Salem,Salem,"5,146",4774,City
Sandyston Township,Sussex,"1,998",1856,Township
Sayreville,Middlesex,"42,704","45,325",Borough
Scotch Plains,Union,"23,385","24,435",Township
Sea Bright,Monmouth,"1,412",1389,Borough
Sea Girt,Monmouth,"1,828",1774,Borough
Sea Isle City,Cape May,"2,114",2068,City
Seaside Heights,Ocean,"2,887",2903,Borough
Seaside Park,Ocean,"1,579",1549,Borough
Secaucus,Hudson,"16,198","17,001",Town
Shamong,Burlington,"6,490",6433,Township
Shiloh,Cumberland,516,497,Borough
Ship Bottom,Ocean,"1,156",1143,Borough
Shrewsbury,Monmouth,"3,809",4122,Borough
Shrewsbury Township,Monmouth,"1,141",1010,Township
Somerdale,Camden,"5,151",5508,Borough
Somers Point,Atlantic,"10,795","10,480",City
Somerville,Somerset,"12,098","12,418",Borough
South Amboy,Middlesex,"8,631","8,857",City
South Bound Brook,Somerset,"4,563",4657,Borough
South Brunswick,Middlesex,"43,417","46,561",Township
South Hackensack,Bergen,"2,378",2492,Township
South Harrison Township,Gloucester,"3,162",3170,Township
South Orange Village,Essex,"16,126","15,963",Township
South Plainfield,Middlesex,"23,324","23,342",Borough
South River,Middlesex,"15,845","16,033",Borough
South Toms River,Ocean,"3,684",3772,Borough
Southampton,Burlington,"10,464","10,205",Township
Sparta,Sussex,"19,622","20,988",Township
Spotswood,Middlesex,"8,257","8,456",Borough
Spring Lake,Monmouth,"2,993",2962,Borough
Spring Lake Heights,Monmouth,"4,713",4618,Borough
Springfield,Union,"15,569","16,495",Township
Springfield Township,Burlington,"3,414",3295,Township
Stafford Township,Ocean,"26,503","26,408",Township
Stanhope,Sussex,"3,610",3341,Borough
Stillwater Township,Sussex,"4,099",3920,Township
Stockton,Hunterdon,538,520,Borough
Stone Harbor,Cape May,866,822,Borough
Stow Creek Township,Cumberland,"1,431",1405,Township
Stratford,Camden,"7,040",7015,Borough
Summit,Union,"21,404","22,274",City
Surf City,Ocean,"1,205",1187,Borough
Sussex,Sussex,"2,130",2024,Borough
Swedesboro,Gloucester,"2,584",2594,Borough
Tabernacle,Burlington,"6,949",6882,Township
Tavistock,Camden,5,5,Borough
Teaneck,Bergen,"39,776","41,311",Township
Tenafly,Bergen,"14,473","15,242",Borough
Teterboro,Bergen,67,69,Borough
Tewksbury,Hunterdon,"5,993",5844,Township
Tinton Falls,Monmouth,"17,613","17,471",Borough
Toms River,Ocean,"91,239","93,017",Township
Totowa,Passaic,"10,804","10,817",Borough
Trenton,Mercer,"84,913","84,964",City
Tuckerton,Ocean,"3,347",3372,Borough
Union,Union,"56,642","59,327",Township
Union Beach,Monmouth,"6,245",5562,Borough
Union City,Hudson,"66,455","70,387",City
Union Township,Hunterdon,"5,908",5543,Township
Upper Deerfield Township,Cumberland,"7,660","7,431",Township
Upper Freehold,Monmouth,"6,902",6975,Township
Upper Pittsgrove Township,Salem,"3,505",3360,Township
Upper Saddle River,Bergen,"8,208","8,415",Borough
Upper Township,Cape May,"12,307","31,822",Township
Ventnor City,Atlantic,"10,650","10,239",City
Vernon,Sussex,"23,867","24,847",Township
Verona,Essex,"13,297","13,821",Township
Victory Gardens,Morris,"1,520",1516,Borough
Vineland,Cumberland,"60,724","60,392",City
Voorhees,Camden,"29,131","29,462",Township
Waldwick,Bergen,"9,625","10,092",Borough
Wall Township,Monmouth,"25,890","26,759",Township
Wallington,Bergen,"11,335","11,781",Borough
Walpack Township,Sussex,16,11,Township
Wanaque,Passaic,"11,116","11,994",Borough
Wantage Township,Sussex,"11,358","10,934",Township
Warren,Somerset,"15,217","15,026",Township
Washington,Warren,"6,461",6524,Borough
Washington Township,Gloucester,"48,559","47,848",Township
Washington Township,Morris,"18,411","19,037",Township
Washington Township,Bergen,"9,102","9,393",Township
Washington Township,Warren,"6,651",6461,Township
Washington Township,Burlington,687,710,Township
Watchung,Somerset,"5,801",5985,Borough
Waterford Township,Camden,"10,649","10,774",Township
Wayne,Passaic,"54,717","55,072",Township
Weehawken,Hudson,"12,417","13,015",Township
Wenonah,Gloucester,"2,278",2239,Borough
West Amwell,Hunterdon,"3,840",2767,Township
West Caldwell,Essex,"10,759","11,021",Township
West Cape May,Cape May,"1,024",1015,Borough
West Deptford,Gloucester,"21,528","21,681",Township
West Long Branch,Monmouth,"8,097","7,972",Borough
West Milford,Passaic,"25,734","25,893",Township
West New York,Hudson,"49,708","54,227",Town
West Orange,Essex,"46,207","48,435",Township
West Wildwood,Cape May,603,566,Borough
West Windsor,Mercer,"27,147","29,112",Township
Westampton,Burlington,"8,813","8,760",Township
Westfield,Union,"30,316","30,433",Town
Westville,Gloucester,"4,288",4194,Borough
Westwood,Bergen,"10,908","11,326",Borough
Weymouth Township,Atlantic,"2,715",2820,Township
Wharton,Morris,"6,522",6571,Borough
White Township,Warren,"4,882",4747,Township
Wildwood,Cape May,"5,325",5070,City
Wildwood Crest,Cape May,"3,270",3137,Borough
Willingboro,Burlington,"31,629","32,062",Township
Winfield,Union,"1,471",1528,Township
Winslow Township,Camden,"39,499","39,041",Township
Wood-Ridge,Bergen,"7,626",9018,Borough
Woodbine,Cape May,"2,472",2461,Borough
Woodbridge,Middlesex,"99,585","101,965",Township
Woodbury,Gloucester,"10,174","9,919",City
Woodbury Heights,Gloucester,"3,055",2972,Borough
Woodcliff Lake,Bergen,"5,730",5903,Borough
Woodland Park,Passaic,"11,819","12,834",Borough
Woodland Township,Burlington,"1,788",1775,Township
Woodlynne,Camden,"2,978",2947,Borough
Woodstown,Salem,"3,505",3454,Borough
Woolwich Township,Gloucester,"10,200","12,472",Township
Wrightstown,Burlington,802,785,Borough
Wyckoff,Bergen,"16,635","16,941",Township